Patient,Weeks,FVC,Percent,Age,Sex,SmokingStatus
ID00419637202311204720264,6,3020,70.1868550711165,73,Male,Ex-smoker
ID00421637202311550012437,15,2739,82.0452911574407,68,Male,Ex-smoker
ID00422637202311677017371,6,1930,76.6724932464643,73,Male,Ex-smoker
ID00423637202312137826377,17,3294,79.2589027911453,72,Male,Ex-smoker
ID00426637202313170790466,0,2925,71.824968077792,73,Male,Never smoked
